id;name;country_id
29;посёлок Куеда;49
482;Дубна;49
210;Белебей;49
829;Волчанск;49
1465;Венеция;81
1195;Новый Ургал;49
1254;Смирновка, Солнечногорский район;49
398;Полазна;49
2001;Ашково;49
2299;Веселый, Весёловский район;49
1943;ЖК Южный город-1, Волжский район;49
771;Черкизово, Пушкинский район;49
1509;Часцы, Одинцовский район;49
1656;Первомайское, Первомайский район;49
238;Южноуральск;49
281;Серов;49
319;Марусино, Криводановский сельсовет;49
1215;Гайдук;49
672;Атамановка, Читинский р-он;49
414;Петропавловск-Камчатский;49
942;Чебаркуль, Чебаркульский район;49
1820;Бисерово, Ногинский район;49
556;Ессентуки;49
2117;Новое Шигалеево;49
922;Новоселье, Ломоносовский р-он;49
1025;Иволгинск;49
1993;Подольск, Хайбуллинский район;49
247;Людиново;49
1202;Верхняя Тура, Свердловская область;49
101;Красноярск;49
1878;Синьково, Раменский городской округ;49
73;Красное Село;49
1537;Слоним;99
1029;Старица, Тверская область;49
2009;Гришенки, Чеховский район;49
1920;Белбулак, Талгарский район;224
1352;Екатеринославка, Октябрьский район;49
495;Стерлитамак;49
960;Калининец;49
432;Одинцово;49
1351;Супсех, Анапский район;49
1271;Халландейл-Бич;214
2123;Черкассы, Саракташский район;49
471;Кондрово;49
2175;Чапли;49
166;Корсаков;49
2290;Пьянково, Ирбитский м.о.;49
2055;Октябрьский, Мошковский район;49
1516;Бобровский, Сысертский г/о;49
1476;Апаринки, Ленинский район;49
2203;Протасово, Мценский район;49
184;Магадан, городской округ Магадан;49
1418;Барселона;152
1501;Инской;49
2153;Новотроицкое, Азовский район;49
263;Борисоглебск;49
1731;Чекон;49
1741;Садовый, Новосибирский район;49
363;Учалы;49
2106;Подбельск;49
2196;село Аркас, Буйнакский район;49
1824;Горки-10;49
1868;Новоекатериновская, Кочубеевский муниципальный округ;49
202;Губаха;49
1786;Старо-Паново, Красносельский район;49
600;Когалым;49
561;Исилькуль;49
1266;Некрасовка, Хабаровский район;49
2059;Рукель, Дербентский район;49
1968;Рамешки, Рамешковский м/о;49
615;Кулунда;49
1753;Балтым;49
332;Барнаул;49
1568;Чесма;49
67;Голицыно, Одинцовский городской округ;49
2078;Удальцово, Приозерский район;49
418;Лиски, Лискинский район;49
168;Салават, городской округ Салават;49
107;Дубовка, Дубовский район;49
680;Сясьстрой, Волховский район;49
1101;Тюкалинск;49
164;Новотроицк, городской округ Новотроицк;49
1996;Дрожжино, Ленинский район;49
2226;Завальное, Усманский район;49
2159;Гавриловка, Воткинский район;49
884;Динская;49
629;Кулебаки, Нижегородская область;49
1333;Невер;49
1747;Советское, Магарамкентский район;49
2202;Копище, Минский район;99
372;Назарово, городской округ Назарово;49
2164;Успенка, Пугачевский район;49
744;Щёкино;49
1876;Ларёво, городской округ Мытищи;49
657;Можга;49
980;Строитель, Яковлевский район;49
2244;Никульское, Москва;49
427;Кинешма;49
185;Вязьма;49
577;Асино;49
1845;Золотаревка, Ипатовский г/о;49
1686;Павлодар;224
1904;деревня Калитино, Волосовский район;49
513;Врангель;49
1111;Донецк, Ростовская область;49
962;Магас;49
1404;Новозавидовский;49
2020;Старая Тюрлема;49
2266;Красночервонный;49
1771;Шэньчжэнь;84
585;Апрелевка;49
1905;посёлок Курск (Большеврудское с/п);49
484;Молоково, Ленинский г/о;49
549;Видное, Ленинский г/о;49
925;Полярные Зори;49
1374;Атемар;49
2342;Сосенское;49
437;Талица, Талицкий г/о;49
1402;Тарасовский;49
1974;Хатукай;49
918;Советск, Калининградская область;49
1473;Сковородино;49
50;Кызыл;49
1276;Ромашково, Одинцовский городской округ;49
1205;Некрасовский, Дмитровский район;49
1888;Российский, Аксайский район;49
786;пгт Березово;49
949;Нахабино;49
1618;Вильнюс;146
1457;Мирный, городской округ Люберцы;49
877;Мензелинск;49
502;Редкино, Конаковский район;49
366;Одесское;49
401;Новый Уренгой;49
159;Ново-Переделкино;49
350;Березники;49
582;Новомосковск;49
112;Грозный, г/о Грозный;49
434;Володарск;49
239;Лодейное Поле;49
921;Аннино, Ломоносовский район;49
926;Сольцы;49
565;Нефтекумск;49
1912;Березовка, Воробьёвский район;49
1874;Розвилл;214
179;Омск;49
1728;Карабулак, Ингушетия;49
1091;Кавалерово;49
1664;Ярославская, Мостовский район;49
859;Хасавюрт;49
1558;Глухово, городской округ Красногорск;49
446;Хабары;49
2165;Славный, Торжокский район;49
1422;Докшицы;99
636;Междуреченский, Кондинский район;49
745;Карачев;49
1286;Авило-Успенка;49
1551;Голышманово;49
1625;Речица, Речицкий район;99
1670;Капельница, городской округ Железноводск;49
2171;Кунчурук;49
2320;Гладкое, Мценский район;49
923;Кандалакша;49
1177;Весенний;49
1749;Изоплит, Конаковский район;49
1317;Цивильск;49
2140;Филимонковское;49
450;Нерюнгри;49
797;Георгиевск;49
1979;Пено;49
2205;Соломатино, Камышинский район;49
1894;Ивановская, Красноармейский район;49
1366;Бакинская, гор.окр. Горячий Ключ;49
780;Ремонтное;49
733;Энем;49
1590;Аббакумово, гор. округ Мытищи;49
1427;Лида;99
1998;Малокурильское;49
1691;Тайцы;49
187;Киров, городской округ Киров;49
873;Курсавка;49
475;рп Заречье, Одинцовский район;49
176;Тверь;49
975;Боровичи, Новгородская область;49
1499;Аксено-Бутырское, Богородский городской округ;49
2110;Вихлянцево;49
1627;Талгар;224
170;Кингисепп;49
930;Орловский;49
1155;Волжск, Волжский район;49
488;Черноголовка;49
2135;ЗАТО Сибирский;49
2071;Сириус;49
2074;Белянка, Белокатайский район;49
1840;Чкаловское, Спасский район;49
2087;Грушевое, Симферопольский район;49
2198;Берегаево;49
177;Вологда;49
290;Топки, Топкинский район;49
529;Мельниково, Шегарский район;49
1400;Пролетарск;49
919;Белая Холуница;49
2068;Реховот;2
45;Тальменка;49
1365;Совхоз имени Ленина, Ленинский го;49
1549;Элекмонар;49
61;Красный Яр, Красноярский район;49
79;Бобров, Бобровский район;49
1693;Трудовое, Владивостокский гор.округ;49
1362;Гостилицы, Ломоносовский район;49
1340;Никольск, Пензенская область;49
155;Петергоф;49
122;Кыштым;49
232;Дивногорск;49
8;Приозерск;49
2346;Ленинкент, городской округ Махачкала;49
1785;Янино-1;49
1853;Шептаки (Моргаушское  с/п), Моргаушский район;49
1847;промышленная зона Фосфорит;49
1643;Приаргунск;49
1644;Варна, Челябинская область;49
221;Колывань;49
825;Белая Глина, Белоглинское с/п;49
1425;Жезказган;224
1966;Саки;49
2312;Савельево, городской округ Истра;49
294;Ужур;49
662;Раевская;49
689;Вольск;49
775;Малая Вишера;49
1424;Евпатория;49
1764;Воткинск;49
1841;Паустово;49
1989;Ульяновка, Тамалинский р-он;49
31;Верхний Тагил;49
74;Новое Девяткино;49
1226;Вяземский;49
1288;Теплая Гора;49
256;Брянск;49
1958;Родина, Псковский район;49
1216;Дубовое, Белгородский район;49
88;Орёл;49
351;Краснотурьинск;49
545;Афипский;49
1118;Лабинск;49
189;Малоярославец;49
2348;Саутгемптон, округ Бакс;214
610;Белово, Беловский г/о;49
666;Димитровград;49
1493;Островцы, Раменский район;49
1548;Цемдолина;49
2131;Санаторий Истра, городской округ Истра;49
580;Астрахань;49
1923;Алабота;49
1909;Корекозево;49
2330;Трубачево, Шегарский район;49
250;Лянтор;49
920;Микунь;49
1054;Киреевск, Тульская область;49
1647;Долматово, Домодедовский район;49
729;рп Софрино;49
2042;Вознесенское, Амурский район;49
283;Югорск;49
981;Собинка;49
1550;Култаево;49
1316;Большие Салы;49
2072;Айдакаево;49
429;Дмитров;49
456;Кириши;49
1052;Мысхако;49
1250;Киржач;49
967;Боровск;49
1673;Вышков;49
231;Енисейск;49
709;Наманган;230
1383;Лесниково, Кетовский м/о;49
123;Сатка;49
1004;Зимовники, Зимовниковский район;49
2328;Притеречный;49
212;Большеустьикинское;49
576;Железнодорожный микрорайон;49
1294;Новое Гришино, Дмитровский район;49
109;Гагарин, Гагаринский район;49
413;Бийск;49
1053;Гурьевск, Калининградская область;49
1674;Анахина;49
2292;Горбово (поселок), Рузский район;49
1269;Кабаново, Богородский г/о;49
778;Невель;49
728;Правдинский, г/о Пушкинский;49
860;Гвардейск;49
2340;Ново, Щелковский район;49
574;посёлок Вёшки, Мытищи;49
1292;Пластуновская;49
673;Молодежный, Иркутский район;49
943;Алматы;224
857;Чудово, Чудовский район;49
1267;Серноводское, Чеченская Республика;49
693;Новотроицкая;49
76;Невьянск;49
834;Котлас;49
2344;Ключи, г.о Южно-Сахалинск;49
774;Гаджиево;49
2075;Доскино, Богородский муниципальный округ;49
936;Северо-Задонск, городской округ Донской;49
378;Коломна;49
439;Надым;49
458;Вельск;49
1961;Кыра;49
579;Волжский, Волгоградская область;49
1303;Лесогорск, Чунский район;49
2144;Маргаритово, Азовский район;49
1617;Бобруйск;99
2200;Исаково, Богородский городской округ;49
1718;Яренск;49
2285;Бородино, Мытищи;49
1249;Шэньян;84
1931;Хвойный территория;49
1382;Салым;49
317;Каменск-Шахтинский;49
638;Агрыз;49
951;Елизаветинская, Краснодар;49
986;Суоярви;49
2147;Чистоозерный;49
2191;Щучинск;224
227;Волчиха;49
253;Серпухов;49
2345;Лопатино, Ленинский г/о;49
2268;Старые-Атаги;49
1861;Посадница, Волховский район;49
1332;Акбулак;49
1539;Тараз;224
1725;Верхнее Мячково, Раменский район;49
193;Московский;49
1844;Уллуая;49
470;Буденновск;49
1114;Уваровка, Можайский район;49
599;Арамиль;49
1322;Минск;99
910;Дальнереченск;49
2088;Мартюш;49
2090;Каратайка;49
2099;Ручей;49
514;Троицк, Троицкий административный округ;49
2264;Победа, Выборгский район;49
605;Салехард;49
753;Радужный, Владимирская область;49
1519;Порхов, Порховский район ;49
369;Юрга;49
2109;Соколихин, Лабинский район;49
2010;Татаново;49
1285;Восток, Красноармейский район;49
1412;Аликово;49
7;Кашира;49
1604;Слобода, Ленинский район;49
1077;Визинга;49
1641;Чугуевка;49
2189;Борисовская, Котласский район;49
2211;Курилово, Жуковский район;49
830;Фряново;49
2242;Новый Милет;49
64;Приморско-Ахтарск;49
1367;Симферополь;49
1328;Уральск;224
1072;Хомутово;49
1305;Архангельская;49
790;Угольные Копи;49
2152;Козлово, Конаковский район;49
1506;Семей;224
2300;Спутник, городской округ Владикавказ;49
41;Чаны;49
1364;Протасово, городской округ Щёлково;49
2184;Поварово, Солнечногорский район;49
533;Алейск;49
789;Ведено;49
740;Товарково;49
373;Железногорск, городской округ Железногорск;49
1006;Семикаракорск;49
2139;Кустур, Эвено-Бытантайский улус;49
1087;Малые Вязёмы;49
2183;дом отдыха Горки, Дмитровский район;49
1999;Новосильское, Тербунский район;49
85;Нижняя Салда;49
977;Среднеуральск;49
2102;Калинин, Мясниковский район;49
1026;Вышний Волочёк;49
2214;Иванов, Анапский район;49
1699;Сатпаев;224
1144;Юрьев-Польский;49
1207;Вольно-Надеждинское;49
21;Вичуга;49
767;Ивангород, Кингисеппский район;49
1638;Змейская;49
1295;Кудрово;49
654;Белые Столбы;49
741;Донской, городской округ Донской;49
1591;ЗАТО Горный, Улётовский район;49
2111;Борки, Кормиловский район;49
1407;Чердаклы;49
1967;Пронь, Кимовский район;49
251;Рязань;49
2279;Кормовое, Первомайский район;49
481;Беседы, Ленинский г/о;49
478;Алтайское;49
60;Балахна, Нижегородская область;49
20;Богородицк;49
341;Казань;49
453;Грязи, Грязинский район;49
259;Ковров;49
1529;Десёновское;49
1169;Пласт;49
1166;Дегтярск;49
1151;Красная Поляна, Сочи гор.округ;49
1669;Бритово, Раменский район;49
141;Сызрань;49
2235;Искушта;49
1835;Разветье;49
461;Богородск;49
464;Красноармейск, Саратовская обл.;49
1232;Даниловка, Даниловский район;49
618;Боготол;49
604;Ишимбай;49
1678;Гостагаевская;49
1481;Кузьмино, Брянский район;49
701;Актобе;224
649;Ивдель;49
583;Тарасовка, Пушкинский район;49
2232;Саранское;49
2218;деревня Лунево;49
1002;Боковская;49
1578;посёлок Кизнер;49
242;Лысково;49
2216;Ивино, Гагаринский район;49
1136;Яя;49
1577;Смоленское, Смоленский район;49
1057;Дятьково;49
1610;Барсово, Сургутский район;49
90;Калининград;49
137;Олонец;49
1807;Абаза;49
523;Давлеканово;49
1866;Петелино (поселок), городской округ Тула;49
1268;Субханкулово;49
2172;Чижово, Кораблинский район;49
2308;Лыткино, городской округ Солнечногорск;49
89;Тула;49
1696;Кунашак;49
527;Тара, Омская область;49
1830;Косшы;224
641;Красноармейск;49
1387;Покровское, Истринский район;49
340;Чехов;49
1433;Туркестан;224
646;Адыгейск;49
1545;Монетный;49
569;Нижний Тагил;49
1689;Тояма;21
1134;Разумное;49
788;Шали , Шалинский район;49
1082;Тамань;49
2190;Чиангмай, Провинция Чиангмай;120
312;Михайловское, Алтайский край;49
318;Колпино;49
517;Монино, городской округ Щёлково;49
1430;Сарань;224
768;Малое Верево, Гатчинский район;49
162;Электрогорск;49
1560;Отрадное, г/о Красногорск;49
850;Климово, Климовский район;49
900;Воротынск;49
913;Таксимо;49
1761;Усады, Лаишевский район;49
956;Верхотурье;49
991;Мантурово, Костромская область;49
129;Мыски;49
720;Торопец;49
1997;Бужарово, гор. округ Истра;49
705;Кара-Балта;192
783;Дорогобуж;49
2114;Бородыновка, Минераловодский городской округ;49
223;Барабинск;49
934;Ессентукская (станица);49
130;Черногорск;49
134;Братск;49
1280;Верх-Катунское;49
639;Бавлы;49
25;Усть-Кут;49
1896;Починок, Приозерский район;49
1086;Рощино, Выборгский район;49
1717;Пересвет, Сергиево-Посадский район;49
1690;Кваркено;49
1112;Дрезна;49
99;Мурманск;49
1540;Адамовка, Адамовский район;49
935;Кирсанов;49
1687;Светлогорск, Светлогорский район;99
1171;Шемурша;49
402;поселок Внуково;49
1415;Атырау;224
1994;Трубичино, Новгородский район;49
260;Армавир, м/о Армавир;49
2313;Эльче;152
1719;Есипово, городской округ Солнечногорск;49
970;Писцово;49
1016;Аликанте;152
2170;Курорт-Дарасун;49
172;Нижнекамск;49
266;Котовск, Тамбовская область;49
2291;Елизаветинское, Благодарненский г/о;49
382;Северодвинск;49
167;Кисловодск;49
204;Нытва;49
435;Лысьва;49
1624;Пружаны;99
1191;Бологое, Тверская область;49
2204;микрорайон Дзержинского;49
1130;Старопышминск;49
765;Натухаевская;49
1059;Железногорск, ЗАТО Железногорск;49
1675;Расшеватская;49
2319;Хьюстон, округ Харрис;214
1197;Выселки, Выселковский район;49
1730;Степное, Степновский район;49
1110;Пестрецы;49
19;Новороссийск;49
1962;Ильинское, го Красногорск;49
285;Верхние Татышлы;49
1925;Варфоломеевка, Яковлевский район;49
1916;Журавское, Новоселицкий муниципальный округ;49
759;Светлогорск, Светлогорский г/о;49
595;Кудымкар;49
1336;Шилка;49
347;Воронеж;49
1615;Баку;77
1479;Червишево;49
536;Сосновоборск, Красноярский край;49
42;Киселёвск;49
1346;Чучково;49
2030;Комсомольское, Кизилюртовский район;49
1823;Тимошкино, городской округ Красногорск;49
518;Жуковка, Одинцовский го;49
1838;Константиново, гор. окр. Домодедово;49
757;Белореченский, Усольский район;49
323;Медногорск;49
1557;Обухово, Богородский г/о;49
872;Гаврилов-Ям;49
2275;Озерки, Всеволожский район;49
1162;Славянка, Хасанский м/о;49
948;Буланаш;49
1575;Армянск;49
2157;Прозорово, городской округ Красногорск;49
1420;Бахчисарай, Бахчисарайский район;49
275;Новая Усмань;49
1089;Пригородный, Оренбургский район;49
1952;Надежда, Шпаковский район;49
1817;Хапо-Ое, Всеволожский р-он;49
1782;Юргамыш;49
505;Заречный;49
2112;Александровка, гор.окр. Красногорск;49
174;Орехово-Зуево;49
2060;Большое Мокрое, Кстовский район;49
1109;Менделеевск;49
1256;Долинск, Долинский городской округ;49
355;Новоуральск;49
1401;Самарское;49
1434;Франкфурт-на-Майне;79
277;Добрянка;49
1706;Виноградное, Грозненский район;49
769;Левашово, СПб;49
92;Щербинка;49
810;Жуковский;49
1394;Пестово, Пестовский район;49
2045;Холм, Костромской район;49
2054;Борисовичи, Псковский район;49
1244;Куйбышево, Куйбышевский район;49
1688;Ташкент;230
1849;Федоровское, Киржачский район;49
2225;Толстобино, Кстовский район;49
1170;Батырево, Батыревский район;49
777;Сердобск;49
1094;Приволжский, м/о Энгельс;49
2002;Александровская, Майский район;49
113;Петрозаводск;49
270;Тольятти;49
1248;Шымкент;224
110;Архангельск;49
374;Усолье-Сибирское;49
430;Солнечногорск;49
1622;Мозырь;99
815;Агинское, городской округ Агинское;49
1241;Соль-Илецк;49
1748;Ильинка, Ханкайский м/о;49
550;Николаевск;49
542;Костомукша;49
1859;Башкултаево, Пермский р-н;49
2243;Лапшинка, поселение Московский;49
1176;Чунский;49
1829;Белый Ключ, г/о Ульяновск;49
1944;Новомышастовская, Красноармейский район;49
792;Константиновский;49
353;Асбест, Асбестовский г/о;49
678;Катайск;49
2182;Большое Сырково;49
1398;Струги Красные;49
667;Тейково;49
2280;Васильевка, Добрушский район;99
586;Можайск;49
87;Некрасовка, ЮВАО;49
856;Сергиевск, Сергиевский р-он;49
826;Тбилисская;49
1814;Ивня, Ивнянский район;49
1769;Ямбург;49
606;Ноябрьск;49
2207;Игнатово, Калининский район;49
1677;Соленое;49
314;Остров, Островский район;49
526;Озерск, Озёрский г/о;49
1566;Бачатский;49
289;Кочки;49
2063;Тюрюшево, Буздякский район;49
1650;Рассвет, Наримановский район;49
1485;Кильмезь;49
12;Калуга;49
540;Уссурийск;49
785;Ува;49
1265;Щучье;49
2321;Серафимовское, Арзгирский муниципальный округ;49
2238;Гиагинская;49
766;Нижнебаканская;49
380;Сосновый Бор;49
1070;Борисовка, Борисовский район;49
108;Новочебоксарск;49
1631;Переяславка;49
218;Калачинск;49
630;Камышин;49
562;Бугуруслан;49
479;Радужный, ХМАО;49
835;Муром;49
264;Семилуки (город);49
1500;Керчь;49
2248;Щепкин;49
1772;Измир;100
1302;Кисловка, Томский район;49
1262;Хороль;49
327;Селятино;49
2105;Геджух;49
1653;Брехово, г/о Химки;49
165;Егорьевск;49
2274;Андег;49
534;Благовещенка, Благовещенский район;49
1048;Сосенский, Козельский район;49
2021;Верхнее Казанище;49
331;Улан-Удэ;49
998;Абдулино;49
1032;Буинск;49
787;Долгодеревенское;49
973;Октябрьский, Устьянский район;49
1598;Двуречье, Новосибирский район;49
241;Сокол, Вологодская область;49
2064;Биттерфельд;79
1206;Галич;49
704;Гомель;99
71;Быково, Раменский г/о;49
2132;Дегтево, Миллеровский район;49
865;Новотитаровская;49
1204;Коммунарка;49
1354;Тымовское;49
117;Пенза;49
1599;Родниковская, Курганинский район;49
1453;Урдома;49
929;Егорлыкская;49
14;Оренбург;49
1348;Ногир;49
999;Каменка, Пензенская область;49
1028;Кувшиново;49
1469;Солигорск;99
746;Трубчевск;49
1626;Сеул;226
1252;Воскресенское поселение;49
658;Таруса;49
448;Иланский;49
2332;Непряхино, Чебаркульский район;49
566;Королев;49
1708;Агроном, Динской район;49
1933;Нефтяная;49
722;Покровск;49
343;Сочи;49
1535;Новополоцк, Витебская обл.;99
1064;Советская Гавань;49
795;Крымск;49
2246;Красногвардейское, Адыгея;49
515;Тобольск;49
2192;Бугачево, Емельяновский район;49
1984;Солдато-Александровское;49
2005;Оползневое;49
2249;Мохово, Беловский район;49
1213;Каменка, Новосибирский район;49
1334;Солнечный, Сургутский район;49
213;Карталы;49
1809;Оганер;49
1704;Карымское;49
2089;Криулино;49
862;Пионерский, Пионерский г/о;49
2025;Клопицы, Волосовский район;49
1825;Алупка;49
358;Губкинский;49
1013;Инза;49
127;Анжеро-Судженск;49
1431;Сокулук;192
1449;Миасское;49
301;Кировск, Кировский район;49
1116;Саперный, Колпинский район;49
1903;Замельничный;49
1273;Черноморское;49
1060;Сафоново, Сафоновский район;49
2033;Эрастов, Абинский район;49
2038;Вороново, п. Вороновское;49
1233;Дербент, Дербентский район;49
620;Березовка, Берёзовский район (Красноярский край);49
521;Качканар;49
736;Удельная;49
679;Виллози;49
261;Липецк;49
870;Кантемировка;49
49;Заозерный, Красноярский край;49
1240;Лесной, Пушкинский район;49
1217;Пролетарский, Ракитянский район;49
1702;Темкино;49
1159;Никель;49
683;Решетниково, г/о Клин;49
284;Кумертау;49
2056;Западный, Сосновский район;49
1752;Газопровод, п. Сосенское;49
181;Владивосток;49
1459;Камень-Рыболов;49
65;Славянск-на-Кубани;49
2341;Старый Ирюк, Малмыжский район;49
1246;Цимлянск;49
1373;Володарского, Ленинский район;49
987;Сортавала;49
1218;Суворов, Суворовский район;49
1022;Могилёв;99
198;Красногорск;49
1164;Родионово-Несветайская;49
1017;Астана;224
1530;Могот, Тындинский муниципальный округ;49
1806;Хутор Ленина, Аксайский район;49
1356;Суровикино;49
125;Чулым;49
392;Месягутово, Дуванский район;49
395;территория Горелово;49
298;Комсомольск-на-Амуре;49
2040;Архангельское, Троицкий а/о;49
194;Долгопрудный;49
1965;Октябрьское, Красногвардейский район;49
700;пгт Пышма;49
1115;Палласовка;49
927;Кувандык;49
1959;Подрезково;49
1710;Прокудское;49
1915;Щомыслица;99
1605;Бжид;49
2101;Раздольная, Кореновский район;49
901;Моздок, Моздокский район;49
861;Зеленоградск;49
1409;Курчалой;49
15;Шелехов;49
58;Всеволожск;49
1573;Прикаспийский;49
2120;Солнечное, Гурьевский район;49
2024;Новодмитриевская;49
806;Николо-Хованское;49
6;Майма;49
1559;Обушково;49
2070;Лесной, Красноармейский район;49
822;Лаишево;49
1451;Хандыга;49
1976;Совхозный, Славянский район;49
707;Костанай;224
84;Люберцы;49
915;Краснокаменск, Краснокаменский район;49
196;Руза;49
1;Ванино;49
1188;Таловая, Таловский район;49
1342;Лысогорская, Георгиевский городской округ;49
338;Заполярный, Печенгский муниципальный округ;49
200;Россошь;49
1918;Каново, Курский район;49
2167;Рутул;49
1524;Кузнецово, Раменский городской округ;49
1908;Сосновый, Заокский район;49
296;Саянск;49
302;Заволжье, Городецкий район;49
199;Лосино-Петровский;49
719;Осташков;49
992;Макарьев;49
1628;Шанхай;84
635;Сунтар;49
607;Орск;49
1165;Татищево, Татищевский район;49
335;Лебедянь;49
421;Чаплыгин, Чаплыгинский район;49
2234;Центральный, Центральный район;49
2208;Садовский, Кстовский район;49
510;Истра;49
452;Павловск, Воронежская обл.;49
320;Зарайск;49
902;Грязовец;49
924;Кировск, Мурманская область;49
2337;деревня Москва, Верхошижемский район;49
2221;Садовый, Кеслеровское сельское поселение;49
2142;Варгаши, Варгашинский поссовет;49
237;Копейск;49
1597;Рассвет, Аксайский район;49
1734;Жилино, Уфа г/о;49
516;Котельники;49
501;Вилючинск;49
2199;Дронова, Карачевский район;49
182;Ревда, Свердловская обл.;49
1435;Ялта, Крым;49
1372;Марфино, Одинцовский г/о;49
103;Якутск;49
391;Балашиха;49
2108;Платнировская, Кореновский район;49
1386;Первомайский, Кировская область;49
348;Северобайкальск;49
1679;Уташ;49
2058;Адуево, Истринский район;49
132;Тура, Эвенкийский район;49
2017;Восход, Мишкинский район;49
613;Змеиногорск;49
1074;Кондопога;49
1802;Усть-Качка, Пермский район;49
1792;Актау;224
86;Тосно;49
824;Электроугли;49
2254;Старый Крым;49
621;Залари;49
1350;Николо-Урюпино;49
1474;Патрушева;49
51;Зима;49
1816;Павловская слобода;49
1037;Икша;49
287;Касли;49
1795;Манжерок;49
1180;Мурино;49
1890;Пхукет;120
1251;Пеледуй;49
205;Верхняя Салда;49
708;Молодечно;99
1766;Якшур-Бодья;49
622;Мирный, Республика Саха (Якутия);49
2113;Дубровка, Николаевский р-н;49
1432;Столбцы, Столбцовский район;99
1713;Сарс;49
1887;Промысла;49
965;Урень;49
1182;Ачинск;49
634;Таганрог;49
1335;Козьмодемьянск (Марий Эл);49
1416;Балхаш;224
1359;Пудость пос., Гатчинский р-он;49
361;Верхнеяркеево;49
304;Нурлат;49
77;Нижняя Тура;49
1742;Сунжа, Сунженский район;49
1707;Селевино, Клинский район;49
1128;Большое Болдино, Большеболдинский район;49
1942;Снежный, городской округ Сургут;49
754;Гороховец;49
149;Мегион;49
1450;Лянгасово, городской округ Киров;49
1773;Караганда;224
1154;Белоостров;49
1480;Шахтерск;49
1122;Большие Вяземы, Одинцовский район;49
1040;Котельниково, Котельниковский район;49
1203;Горки Ленинские;49
1347;Отеген-Батыр;224
2138;Жанаталап, Сарыагашский район;224
1023;Полысаево;49
201;Глазов;49
1454;Варваровка, Анапа;49
1361;Старокорсунская станица;49
115;Талдом, Талдомский район;49
1277;Краснозаводск;49
449;Гусев;49
2270;Терема;49
609;Березовский (Кузбасс), Берёзовский г/о;49
590;Красный Бор, Тосненский район;49
734;Архангельское, Красногорск гор. округ;49
1582;Горный Щит;49
2161;Кидеро;49
819;Удомля;49
937;Барыш;49
1525;Дмитриевка, Черниговский район;49
498;Псков;49
157;Томилино, г/о Люберцы;49
152;Элитный ;49
2181;Пионерский, Шигонский район;49
2051;Романовка, Всеволожский район;49
153;Ногинск;49
1315;Тарасково, Наро-Фоминский район;49
660;Беслан;49
1027;Калязин;49
216;Курск;49
2052;Северный, СВАО;49
2263;Советская, Новокубанский район;49
568;Чита;49
483;Покачи;49
688;Рыбное, Рязанская область;49
974;Шахты;49
1426;Кызылорда;224
2322;Шебунино, Невельский городской округ;49
1194;Ипатово, Ставропольский край;49
632;Жигулёвск;49
2122;Ходынино, Рыбновский район;49
1642;Краснобродский;49
1488;Жетысай;224
1852;Белобородово, Рузский район;49
816;Рефтинский;49
1175;Сухобузимское;49
486;Подольск;49
691;Айхал;49
989;Буй;49
1063;Яшкино, Кемеровская область;49
178;Сургут;49
257;Кирово-Чепецк;49
2037;Александрия, Благодарненский городской округ;49
23;Алдан;49
1939;Перекатный, Тахтамукайский район;49
1299;Сосновка, Полесский район;49
1528;Нармонка, Лаишевский район;49
1819;Отрадное, Кировский район;49
997;Форносово, Тосненский район;49
1007;Чертково, Чертковский район;49
1592;Ольховка, Волгоградская область;49
1058;Зея;49
2006;Спицевка, Грачевский район;49
54;Киренск;49
1360;Вырица;49
1646;Старая, Всеволожский район;49
1971;Чигасово;49
908;Спасск-Дальний;49
1805;Борзя, Забайкальский край;49
1149;Выльгорт;49
1321;Крупки;99
2133;2-я Переяславка;49
837;Починки, Починковский район;49
1940;Березники, Бардымский муниципальный округ;49
460;Бор;49
1811;Катав-Ивановск;49
1327;Таллин;139
1562;Верховье, Орловская область;49
833;Коркино,  Коркинский район;49
1793;Новый, Надеждинский район;49
1105;Ржев;49
1886;Лукаши;49
559;Фрязино;49
2224;Шудья, Завьяловский район;49
487;Лыткарино;49
750;Икряное;49
854;Николаевск-на-Амуре;49
1784;Октябрьское (село), Октябрьский район;49
755;Избербаш;49
1851;Дударева, Тюменский район;49
328;Ярославль;49
1056;Узловая;49
2260;Октябрьская, Крыловский район;49
1329;Экибастуз;224
367;Обь;49
1665;Оргтруд, городской округ Владимир;49
878;Высоковск;49
40;Краснозёрское;49
1161;Саракташ;49
703;Брест;99
2127;Ермошкино, Вурнарский район;49
1390;Шлиссельбург;49
1963;Ильинское-Усово;49
262;Курчатов;49
897;Залесово;49
1208;Семенов;49
1745;Кемелишки;99
2119;Можайск-10, Можайский городской округ;49
2173;Силино;49
642;Краснознаменск, Московская область;49
762;Вуктыл;49
1619;Джанкой;49
233;Тулун;49
1531;Карата;49
560;Луга;49
96;Пермь;49
1843;Коашва, Кировский район;49
1145;Терек, Терский район;49
1898;Большое Толбино, гор. округ Подольск;49
217;Таврическое, Таврический район;49
2228;Манделеин;214
344;Ефремов;49
1181;Криводановка, Новосибирский район;49
1363;Анискино,Щелковский район;49
1875;Матай;224
971;Заокский;49
16;Новый Оскол, Новооскольский район;49
2259;Юрьево-Девичье, Конаковский район;49
336;Шуя, Ивановская область;49
881;Жирновск;49
1533;Ленинское, Выборгский район;49
286;Тарко-Сале;49
1507;Красногвардейское, Республика Крым;49
1242;Новоржев;49
1585;Майский, Кошехабльский район;49
2180;Прохладный, Белоярск окрг.;49
2236;Кирово, Балаковский район;49
724;Тетюши, Тетюшский район;49
1637;Сунжа, Пригородный район;49
914;Средняя Ахтуба;49
644;Старая Купавна;49
1884;Нововеличковская;49
131;Шира;49
397;Алапаевск;49
659;Алагир;49
1700;Вагай, Вагайский район;49
1357;им. Морозова, Всеволожский район;49
1837;Джумайловка;49
387;Темрюк;49
451;Большой Камень, г/о Большой Камень;49
845;Никольск, Вологодская область;49
2032;Усть-Омчуг;49
1661;Кардо-Лента;49
2050;Новотулка, Питерский район;49
192;Гусь-Хрустальный;49
1492;Персиановский;49
2066;Камышлы, Уфимский район;49
80;Сысерть;49
1120;Реж;49
1065;Североморск;49
933;Рославль, Рославльский район;49
1938;Красный Десант, Неклиновский район;49
97;Белорецк;49
984;Кашхатау;49
52;Нижнеудинск;49
677;Марьянская;49
2230;Голенки;49
1735;Молодежный, Цивильский район;49
504;Саранск;49
1681;Байконур;49
1927;Зехново;49
743;Ленинский, м/о Тула;49
322;Талнах;49
399;Нововоронеж;49
1445;Хлебниково, городской округ Долгопрудный;49
876;Арск;49
2262;Крым, Мясниковский район;49
588;Серебряные Пруды;49
405;Заринск;49
1113;Кубинка;49
299;Мелеуз;49
316;Майкоп;49
1801;Боголюбово, Суздальский район;49
631;Новокуйбышевск;49
1882;Шопово, Богородский муниципальный округ;49
1349;Аргудан;49
1287;Петропавловская, Курганинский район;49
891;Тавда;49
47;Шарыпово;49
2267;Снежногорск, Норильск гор.округ;49
557;Пушкино, Пушкинский г/о;49
1737;Заозерье, Прионежский район;49
1138;Черемхово, Иркутская область;49
95;Дедовск;49
400;Миасс;49
1423;Дубай;34
1189;Апшеронск;49
1318;Верх-Нейвинский;49
972;Стародуб, Стародубский м/о;49
1073;Лагань;49
1777;Ош;192
963;Шумерля, городской округ Шумерля;49
2317;Восточное, Краснотуранский район;49
1929;Сеница;99
852;Инта;49
1436;Свободный, ЗАТО Свободный;49
3;Суздаль;49
191;Назрань;49
2215;Большое Тесово, Можайский район;49
1388;Старые Ерыклы;49
1042;Мостовской;49
2187;Черная, Истринский район;49
203;Верещагино, Пермский край;49
1906;Гаврилково, гор. округ Красногорск;49
715;Богучар;49
1018;Белосток;75
1563;Кривянская Станица;49
761;Лахденпохья;49
1532;Покрово-Пригородное;49
1219;Сельцо;49
1186;Знаменское, Знаменский район;49
379;Подпорожье;49
799;Бронницы;49
2018;Семендер;49
1038;Иловля;49
245;Старый Оскол;49
279;Александровск (Пермский край);49
624;Анапа;49
208;Лангепас;49
909;Лесозаводск;49
1472;Подстепки, Ставропольский район;49
1722;Константиново, Раменский г/о;49
388;Владикавказ;49
2097;Литвино;49
230;Саяногорск;49
234;Усть-Илимск;49
1964;Белогорск, Крым;49
1985;Верея, Орехово-Зуевский городской округ;49
1799;Уват;49
1187;Тазовский;49
592;Гусиноозерск;49
1160;Оленегорск;49
1850;Фрязево, Ногинский район;49
1461;Федоровский, Сургутский район;49
1137;Гурьевск, Кемеровская область;49
1652;Карабудахкент;49
564;Красноуфимск;49
1720;Алексеевка, Алексеевский г/о;49
1306;Новая Ольховка;49
68;Раевский;49
225;Новоалтайск;49
842;Няндома;49
278;Кунгур;49
1709;2-ая Смирновка, Солнечногорский район;49
36;Октябрьский, Республика Башкортостан;49
751;Кяхта, Республика Бурятия;49
1236;Сосногорск;49
528;Северск;49
671;Кизилюрт;49
1406;Карсун;49
254;Переславль-Залесский;49
994;Щигры;49
1580;Миндальное, ГО Судак;49
1414;Пангоды;49
1471;Зубово, Уфимский район;49
2282;Конышевка;49
1621;Лос-Анджелес;214
220;Бердск;49
1163;Зверево, г/о Зверево;49
710;Портленд, округ Малтнома;214
2305;Вельяминово, городской округ Домодедово;49
983;Кизляр, городской округ Кизляр;49
905;Комсомольск, Комсомольский район;49
1125;Ржавки, го Солнечногорск;49
1106;Зеленокумск;49
75;Мурмаши;49
324;Яхрома, Дмитровский район;49
431;Сарапул;49
1069;Заиграево;49
906;Унеча;49
1126;Арти;49
2276;Тимирязевский, Ульяновский район;49
696;Агаповка;49
567;Лениногорск;49
1102;Красноселькуп;49
1555;Грибки, Мытищинский район;49
2129;Селевкино, Дмитровский район;49
1224;Ярцево, Смоленская область;49
1724;Новый Порт;49
996;Коммунар, Гатчинский район;49
547;Аксай, Ростовская область;49
346;Шаховская;49
349;Чайковский;49
1588;имени Тельмана, Раменский район;49
1594;Богородск, Корткеросский район;49
1085;Зеленогорск, Курортный р-он;49
1391;Ушково, Курортный район;49
1511;Смоленская, Северский район;49
465;Тимашевск;49
885;Калининская, Калининский район;49
1790;Большой Исток;49
946;Александровское, Ставропольский край;49
1634;Шебалино;49
1090;Яйва;49
93;Ковдор;49
1127;Стройкерамика;49
1855;Качаброво;49
1281;Кизильское;49
1264;Чернышевск;49
66;Новочеркасск;49
849;Жуковка, Брянская область;49
944;Барановичи;99
1813;Новая Чара;49
1881;Ольговка, Добринский район;49
1358;Большое Верево д., Гатчинский р-он;49
219;Каргасок;49
801;Артемовский;49
879;Протвино;49
2227;Княже, Шекснинский район;49
1129;Белоусово, Жуковский район;49
548;Лермонтов;49
1954;Авдотьино, Богородский городской округ;49
895;Марфино, г.о. Мытищи;49
136;Звенигород;49
1001;Себеж;49
1600;Майский, Узловский район;49
215;Гай;49
1520;Кедровое;49
1863;Жданово, Калининский район;49
39;Черепаново, Черепановский район;49
791;Билибино;49
104;Кировград;49
126;Татарск;49
1797;Правохеттинский;49
1210;Верхняя Тойма;49
1692;Маркова, Иркутский район;49
1133;Витязево, м/о Анапа;49
551;Коряжма;49
1283;Грамотеино пгт;49
1614;Свободный, Свободненский район;49
1522;Портянниково;49
1142;Ермаково, Вологодский район;49
1341;Усть-Камчатск;49
161;Гуково;49
1541;Ивановка, Оренбургский район;49
2130;посёлок совхоза Останкино;49
467;Горячий Ключ;49
2188;Мартан-Чу, Урус-Мартановский район;49
1071;Каспийск;49
1035;Болгар, Спасский район;49
1685;Орша, Витебская обл.;99
1636;Качуг;49
863;Славск;49
1238;Небуг;49
1892;Южный, Динской район;49
404;Большое Буньково;49
848;Белёв, Белёвский район;49
867;Рыльск;49
2240;Леваши, Левашинский район;49
958;Искателей;49
2011;Покровка, Ленинский район;49
2027;Новый, Елизовский район;49
988;Нолинск;49
2115;Бигеево;49
2176;Ульяновка, Минераловодский гор.округ;49
1758;Рудня, Смоленская область;49
603;Новобелокатай;49
602;Агидель;49
1131;Прохладный, Прохладненский район;49
706;Кобрин;99
476;Обнинск;49
2048;Анди;49
1146;Правдинск;49
1930;Ямашево, Канашский район;49
2121;Ленское, Туринский городской округ;49
1800;Чайковского, г/о Клин;49
1212;Линёво, Искитимский район;49
608;Черлак;49
1282;Новый Городок, Кемеровская область;49
410;Челябинск;49
1095;Пугачев;49
2316;Цзиси;84
2107;Малая Царевщина;49
1411;Козловка, Козловский район;49
1697;Шерегеш;49
1919;Привольный;99
195;Лобня;49
211;Аскарово, Абзелиловский район;49
1463;Молзино, Ногинский район;49
1140;Камызяк;49
1100;Муромцево, Муромцевский район;49
1947;Болгары, Спасский район;49
721;Благодарный;49
1003;Вешенская;49
288;Снежинск;49
82;Москва;49
1781;Сморгонь;99
1185;Кронштадт, Кронштадтский район;49
1833;Орлик;49
2307;Шелопугино, Шелопугинский район;49
330;Зеленоград;49
359;Ишим;49
952;Козет;49
2116;Старый Чультем;49
2143;Ковали, Урмарский район;49
1662;Николо-Черкизово, городской округ Химки;49
282;Каменск-Уральский;49
1290;Сукко, городской округ Анапа;49
1895;Розовка, Омский р-он;49
1417;Бангкок;120
1705;Разбегаево, Ломоносовский район;49
760;Калевала;49
1680;Шепси;49
2008;Красный Кут, Спасский район;49
928;Глубокий, Каменский район;49
408;Тюмень;49
931;Ртищево, Ртищевский район;49
623;Мытищи;49
139;Навашино;49
1311;Барсуки, Назрановский район;49
985;Карачаевск;49
890;Старощербиновская;49
941;Трехгорный;49
1914;Апполоновка;49
1632;Лорис;49
2168;Кули, Акушинский район;49
2335;Черная Грязь;49
2281;Марьино, Филимонковское поселение;49
1584;Первомайское, ТАО;49
866;Шумиха, Курганская обл;49
315;Богатое, Богатовский район;49
2253;Башмаково, Башмаковский район;49
1789;Знаменский, м/о Краснодар;49
1768;Куса;49
1174;Углич;49
699;Канаш, Канашский район;49
664;Целинное, Алтайский край;49
24;Малаховка;49
10;Владимир;49
716;Новохоперск;49
444;Промышленная;49
207;Заводоуковск;49
300;Каменоломни;49
1503;Кош-Агач;49
1879;Вёшки деревня, городской округ Мытищи;49
1049;Экажево;49
249;Пятигорск;49
38;Колпашево;49
364;Аша, Ашинский район;49
2085;Жилина, Орловский м/о;49
1045;Новопокровская, Новопокровский район;49
1413;Ибреси;49
2043;Крабозаводское;49
490;Энгельс;49
22;Щелково,  г/о Щёлково;49
723;Кукмор;49
2061;Гордеевский, Троицкий район;49
1291;Пирогово, городской округ Мытищи;49
2103;Лаптево, поселение Воскресенское;49
1612;Алатырь;49
652;Загорянский;49
648;Полтавская;49
206;Верхняя Пышма;49
252;Кострома, городской округ Кострома;49
1526;Бураковский;49
1796;Чемал;49
111;Самара;49
938;Новоспасское, Новоспасский район;49
2265;Кременкуль;49
1739;Сыртинский;49
1260;Андреевка, г/о Солнечногорск;49
1345;Нюрба;49
1068;Михайловка, Уфимский район;49
158;Усть-Лабинск;49
32;Первоуральск;49
1209;Киров, Кировский район;49
739;Лукоянов, Лукояновский район;49
1616;Бишкек;192
183;Юбилейный мкр, Королёв;49
2326;Тырган, Прокопьевский муниципальный округ;49
1498;Курильск;49
612;Яровое;49
1932;Комаровка, Неклиновский район;49
114;Родники, Ивановская область;49
1132;Тотьма;49
828;Балашов;49
684;Валдай;49
1779;Полоцк, Витебская обл.;99
1567;Чернянка, Чернянский район;49
2118;сельский посёлок Казановка, Кимовский район;49
426;Венёв;49
1740;Какашура;49
116;Кольчугино, Владимирская область;49
1307;Беседино ;49
656;Буйнакск;49
832;Армизонское;49
532;Топчиха;49
356;Камышлов;49
305;Нефтегорск, Нефтегорский район;49
1477;Нижний Ломов;49
1484;Пятигорский;49
1178;Московский, Тюменский район;49
731;Каневская;49
147;Климовск микрорайон;49
1834;Зеленогорский, Вышневолоцкий район;49
2014;Индычий;49
584;Новомичуринск;49
1553;Еткуль;49
1608;Моршанск;49
575;Яблоновский;49
1384;Нижнесортымский;49
781;Сальск;49
772;Полярный;49
2149;Денпасар;32
841;Юхнов;49
1950;Шемонаиха;224
953;Кущёвская;49
423;Череповец;49
893;Белоозерский;49
2289;Свердловское, Хабарский район;49
1756;Квасниковка;49
1193;Донское, Труновский м/о;49
1629;Тимофеевка;49
1972;Новая Адыгея;49
1470;Усть-Каменогорск;224
1826;Алушта;49
1762;Осиново;49
525;Лабытнанги;49
1917;Ивановка, Старооскольский городской округ;49
156;Бузулук;49
138;Городец, Городецкий район;49
712;София;48
1570;Шушары, Пушкинский район;49
1066;Слободской, Кировская область;49
2351;Шугарово, городской округ Ступино;49
537;Бородино, Красноярский край,;49
1379;Алмазный, Мирнинский район;49
142;Похвистнево, Самарская область;49
121;Баймак;49
907;Хилок;49
33;Ялуторовск;49
1344;Кенже;49
1381;Кузьмоловский;49
821;Высокая Гора;49
827;Успенское, Успенский район;49
2003;Новый Мир, Юргамышский м/о;49
2325;Терехово, Шиловский район;49
2331;Золотилово, Сергиево-Посадский городской округ;49
2295;Путёвка;49
596;Горнозаводск, Горнозаводский г/о;49
591;Находка, Находкинский г/о;49
1124;Путилково;49
1928;Новоселицкое;49
1910;Задоно-Кагальницкая;49
365;Троицк, Троицкий г/о;49
803;Ворсма;49
853;Калач;49
1995;Мичуринское, Приозерский район;49
269;Ульяновск;49
441;Тогучин;49
807;Железноводск;49
1889;Ахтырский;49
135;Кимовск;49
1410;Кугеси;49
1458;Янгантау;49
1980;Северомуйск;49
44;Рубцовск;49
843;Ардон;49
209;Нефтекамск;49
1973;Ханская;49
1466;Гонконг ;130
5;Искитим;49
1278;Акиньшино, Москва;49
2237;Цна, Минский район;99
541;Сланцы;49
1854;Верхний Кожлаер, Моркинский район;49
2128;Писково, Истринский район;49
422;Рассказово, Рассказовский район;49
1438;Суходол, Сергиевский район;49
1505;Кипень, Ломоносовский район;49
2334;Труневки, Дмитровский городской округ;49
552;Мосрентген;49
670;Елань, Волгоградская область;49
964;Омутинское;49
1660;Николаевка, Неклиновский район;49
2258;Пионерское, Симферопольский район;49
571;Норильск;49
1738;Курьи;49
1607;Строитель, Цнинский сельсовет;49
188;Чебоксары;49
894;Житнево;49
26;Сергиев Посад;49
1158;Кильдинстрой;49
500;Сыктывкар;49
342;Набережные Челны;49
377;Хотьково, Сергиево-Посадский г/о;49
2125;Архыз, Зеленчукский район;49
1986;Бабстово;49
558;Холмск;49
2206;Благовещенское, Туринский г/о;49
1033;Зеленодольск;49
1495;Комсомольский, Чамзинский район;49
2302;Кириллово, Уфимский район;49
2297;Куюки, Пестречинский район;49
1788;Рудня, Волгоградская область;49
2318;Ухтинка;49
1371;Ленино, Ленинский район;49
686;Морозовск;49
2154;Барановское, Воскресенский район;49
1992;Охлебинино;49
1815;Петровская;49
1701;Риддер;224
756;Бабаюрт;49
442;Маслянино;49
2084;Верхний Ломов,  Нижнеломовский район;49
1093;Аткарск;49
1945;Шалыга, Оханский городской округ;49
1536;Римини;81
2044;Болонь, Клепиковский район;49
2053;Нагорное, г/о Мытищи;49
1711;Красноперекопск;49
847;Алексин;49
519;Соликамск;49
1899;Ключи, Сосновский район;49
1544;Эсто-садок;49
9;Курган;49
508;Бутово Южное;49
494;Уфа;49
1309;Рогатая Балка, Петровский городской округ;49
1301;Непецино, г/о Коломна;49
1561;Поярково, Амурская область;49
1609;Камбарка;49
869;Анна, Аннинский район;49
903;Чагода;49
1270;Кубанский, Новопокровский район;49
2057;Новопетровка, Добринский район;49
796;Волгодонск;49
1460;рп Каргаполье;49
651;Ачит;49
1284;Речицы, Раменский район;49
1871;Зеленский, Красноармейский район;49
1275;Ликино, Одинцовский г/о;49
1611;Аргун;49
313;Брюховецкая;49
1523;Лужки (село), городской округ Истра;49
224;Междуреченск;49
2251;Поздняково, Красногорский район;49
625;Выборг;49
2209;Мешковская;49
1901;Темиргоевская;49
1331;Соловецкий;49
889;Староминская;49
1486;Верхнеуральск;49
1763;Винзили;49
1046;Лисий Нос;49
1050;Верховажье;49
817;Андреаполь, Тверская область;49
463;Фролово, городской округ Фролово;49
1429;Пекин;84
1921;Битца;49
959;Ильинский, Раменский городской округ;49
474;Советский, ХМАО;49
477;Гулькевичи;49
2155;Али-Бердуковский;49
1721;Вартемяги;49
1893;посёлок Возрождение, Хвалынский район;49
1319;Арысь, Чимкентская обл.;224
758;Залукокоаже;49
433;Урай;49
443;Куйбышев, Куйбышевский район;49
1084;Горбунки, Ломоносовский район;49
2304;Александрийская, Кизлярский район;49
1759;Винсады, Предгорный м/о;49
1168;Игра;49
1107;Кочубеевское;49
553;Сестрорецк;49
1951;Светлый, Мирнинский район;49
160;Великие Луки;49
98;Екатеринбург;49
1596;Северный, Сосновский район;49
1393;Крестцы;49
698;станица Шелковская;49
1714;Приморский, г/о Феодосия;49
72;Шушенское;49
628;Великий Устюг;49
384;Арзамас;49
1732;Кулешовка;49
748;Анадырь;49
742;Северный, Белгородский район;49
466;Кропоткин, Кавказский район;49
1088;Хвойная;49
694;Уварово, г/о Уварово;49
1883;;
272;Волоколамск;49
1924;Новосельцево, гор. окр. Мытищи;49
244;Солнцево;49
48;Канск;49
63;Большая Глушица;49
1703;Шумячи;49
726;Белая Калитва;49
1005;Матвеев Курган;49
2031;Вантаа;142
776;Сорочинск;49
1300;Преображенка, Волжский район;49
2019;Дубровицы;49
572;Ангарск;49
1576;Вилино;49
1527;Гостищево, Яковлевский район;49
1746;Бабиничи, Оршанский район;99
1880;Никольское, Дмитровский городской округ;49
1571;Ленсоветовский;49
416;Ленинск-Кузнецкий;49
2007;Зверево, Троицкий а/о;49
2277;Габишево, Лаишевский район;49
503;Клинцы, Клинцовский район;49
950;Тучково;49
2080;Мистолово, Всеволожский район;49
462;Белый Яр, Сургутский район;49
1667;Аладьино, городской округ Кашира;49
932;Ноглики;49
864;Красное-на-Волге;49
687;Тацинская;49
692;Иноземцево;49
738;Люторецкое;49
180;Благовещенск;49
2247;Семидворье;49
375;Фокино, Приморский край;49
805;Михайловка, Волгоградская область;49
1099;Немчиновка;49
752;Ленинск, Ленинский район;49
246;Красково, г/о Люберцы;49
248;Рыбинск, Рыбинский район;49
255;Новошахтинск;49
793;Павлово, Павловский район;49
2136;Кади-Юрт, Гудермесский район;49
1421;Гродно;99
2039;Говорово, п. Московский;49
1775;Ленгер, Толебийский район;224
1263;пгт Могойтуй;49
2323;Левинские Пески;49
1012;Чернышевский;49
1640;Кузнечиха, Ярославский район;49
808;Металлострой;49
55;Белогорск;49
1822;Мисирёво;49
1698;Жаркент;224
1502;Голубое, Солнечногорский р-он;49
57;Тихвин;49
611;Осинники, Кемеровская область;49
1464;Борисов, Минская обл.;99
2073;Александровка, Акбулакский район;49
37;Муравленко;49
690;Екатериновка, Екатериновский район;49
419;Елец;49
1517;Стрелецкое, Белгородский район;49
619;Зеленогорск, ЗАТО Зеленогорск;49
520;Чернушка, Чернушинский район;49
1934;Верхнеусинское;49
1324;Рудный, Костанайская обл.;224
1279;Кача;49
2150;Фастовецкая;49
226;Поспелиха, Поспелихинский район;49
2036;Фирсово;49
1199;Ленинградская;49
447;Емельяново;49
2174;Серково, городской округ Щёлково;49
2016;Октябрьский, Приморско-Ахтарский район;49
1534;Красное, Кущёвский район;49
35;Благовещенск, Башкортостан;49
1121;Красноуральск, Свердловская область;49
1117;Архипо-Осиповка;49
1314;Внуковское, НМАО;49
1308;Новая Деревня, Касимовский район;49
1601;Новопетровское, городской округ Истра;49
898;Первомайск, Нижегородская область;49
1791;Ревда, Ловозерский район;49
1754;Чалтырь;49
1239;Сенцово;49
531;Коченёво;49
1941;Брусничны, Нижнеилимский район;49
1325;Советский, Крым;49
2338;Алтынжар, Володарский район;49
2283;Васюринская, Динской район;49
2222;Гудачи, Магдагачинский район;49
717;Русская Поляна;49
1000;Ливадия, Находкинский г/о;49
2079;Мельниково, Приозерский район;49
1828;Новоселки, Чеховский район;49
1293;Нагаево;49
713;Стамбул;100
675;Пудож;49
1034;Богатые Сабы, Сабинский район;49
1911;Усть-Хоперская;49
1565;Пластун;49
69;Домодедово;49
1368;Алабушево, городской округ Солнечногорск;49
1255;Меленки, Меленковский район;49
2195;Нью-Касл;214
1456;Хомутово, Новодеревеньковский район;49
614;Шипуново, Шипуновский район;49
1104;Кимры;49
730;Абинск;49
1304;Вознесенка, Сосновский район;49
714;Темиртау;224
682;Им. Воровского пос.;49
1803;Фролы;49
394;Карпинск;49
2162;Архангельское, Будённовский м/о;49
236;Биробиджан;49
1179;Воскресенск;49
145;Ухта;49
396;Острогожск;49
2327;Новоровенецкий;49
11;Великий Новгород;49
2213;Лесной, Боровляны;99
1156;Медведево, Марий Эл;49
555;Саров;49
1842;Кабицыно;49
2096;Рассвет, м/о Анапа;49
2104;Мраково, Кугарчинский район;49
1975;Новосадовый, Белгородский район;49
268;Новозыбков;49
1750;Никольское-на-Черемшане;49
1727;Нагорный, Елизовский район;49
784;Знаменка, Знаменский район;49
1865;Сельхозтехника, Подольский район;49
1836;Орел-Изумруд;49
1247;Феодосия;49
1649;Карабаново, Александровский район;49
17;Нижний Новгород;49
472;Вязники, Владимирская область;49
2146;Лосево, Павловский район;49
838;Чкаловск, Чкаловский район;49
274;Краснообск;49
1225;Селенгинск;49
2219;Рябинки, городской округ Шаховская;49
1948;Родники, Раменский г.о.;49
337;Пушкин;49
190;Волгоград;49
1977;Наровчат;49
871;Богданович;49
601;Туймазы;49
1078;Объячево;49
1630;Термальный;49
2194;Щаповское, Троицкий административный округ;49
1494;Лобва;49
1220;Навля, Навлинский район;49
1385;Луговое, Гурьевский м/о;49
647;Кореновск;49
2081;Товарковский;49
457;Апатиты;49
81;Томмот;49
1757;Поронайск;49
2169;Кораблино, Кораблинский район;49
1396;Ясный;49
2013;Кирполье;49
1798;Домна;49
1648;Янтарный, Аксайский район;49
2158;Глафировка, Щербиновский;49
1408;Гудермес;49
2315;Старая Станица, г. Армавир;49
1330;Приютово;49
747;Черняховск;49
1620;Кокшетау;224
844;Кичменгский Городок;49
309;Батайск;49
2339;Ага-Хангил, Могойтуйский район;49
578;Шахунья;49
1274;Шишкин Лес, Москва;49
1657;инноцентр Сколково;49
593;Бирск;49
2231;Ломовое, Чаплыгинский район;49
650;Сухой Лог;49
1337;Новоивановское, Одинцовский район;49
1015;Ядрин;49
1083;Большая Ижора, Ломоносовский район;49
1237;Медведовская;49
947;Светлоград;49
1654;Луза;49
1663;Ильинское, Кимрский район;49
1439;Первомайский, Первомайский район (Оренбург);49
120;Североуральск;49
2298;Большие Горки, Ломоносовский район;49
1222;Савинский;49
627;Гатчина;49
538;Мама;49
28;Чусовой;49
143;Бугульма;49
812;Еманжелинск;49
1444;Нерль, Калязинский район;49
2257;Песчаное, Ивнянский район;49
702;Анталья;100
665;Янаул;49
411;Томск;49
440;Златоуст, Челябинская область;49
2350;Савруха;49
1296;Гофицкое, Петровский район;49
1518;Боброво, Ленинский окр.;49
1478;Юкки;49
598;Барда, Бардымский район;49
1062;Тайга;49
2193;Каипы, Лаишевский район;49
2029;Гойты;49
1877;Пригородный, Тихорецкий район;49
303;Кайеркан;49
896;Кола;49
617;Ермаковское;49
1744;Большое Солдатское;49
412;Новокузнецк;49
1051;Лазаревское;49
798;Невинномысск;49
2065;Карши;230
1659;Марушкино;49
1442;Чесноковка;49
1953;Соленое Займище;49
1192;Нелидово;49
70;Калтан;49
339;Дюртюли;49
976;Усть-Джегута;49
445;Камень-на-Оби;49
2004;Покров, городской округ Подольск;49
2077;Огневское;49
697;Урус-Мартан;49
1907;Цибино, городской округ Воскресенск;49
749;Хворостянка, Хворостянский район;49
407;Ижевск;49
1633;Чегдомын;49
197;Лотошино;49
1272;Соголево, Клинский район;49
1055;Одоев;49
858;Ровеньки, Ровеньский район;49
1428;Милан;81
1818;Экимчан;49
581;Ставрополь;49
59;Воркута;49
839;Жуков, Калужская область;49
1443;Юный Ленинец;49
292;Горно-Алтайск;49
1497;Александровская, Пушкинский р-он;49
2233;Улахан-Кюёль, Верхоянский район;49
1147;Зеленчукская;49
1108;Красногвардейское, Красногвардейский район;49
1257;Успенка, Тюменский район;49
725;Урюпинск;49
1547;Исетское, Исетский район;49
1602;Порошкино;49
809;Бугры, Всеволожский район;49
1579;Ромоданово;49
2100;Колодищи;99
420;Усмань;49
280;Очер;49
2273;Покойное;49
133;Богучаны;49
91;Свердловский, Лосино-Петровский;49
1183;Смоленщина;49
496;Мичуринск, Тамбовская область;49
1355;Кировский, Кировский район;49
982;Петушки, Петушинский район;49
1542;Воробьевка, Воробьевский район;49
811;Ворсино, Боровский район;49
1515;Суйфэньхэ, Хэйлунцзян;84
1243;Опочка;49
594;Красновишерск;49
2220;Текирдаг;100
1047;Кокошкино;49
371;Лесосибирск;49
1583;Палана;49
406;Развилка;49
1036;Дорохово, Рузский гор.округ;49
1613;Вурнары, Вурнарский район;49
1987;посёлок Бирюлинского зверосовхоза;49
2062;Большие Бакалды, Бутурлинский муниципальный округ;49
940;Янтиково, Янтиковский район;49
1482;Новосиньково, Дмитровский район;49
2223;Первомайский, городской округ Армавир;49
640;Заинск;49
1574;Кудиново, Ногинский район;49
1969;Электроизолятор, Раменский городской округ;49
1230;Сотниково, Иволгинский район;49
1211;Верх-Тула;49
362;Сибай;49
1668;Агалатово;49
229;Белокуриха;49
2026;Коробицыно;49
2303;Белое Озеро, Воскресенский район;49
1794;Усть-Нера;49
2217;Стаи, Руднянский район;49
1839;Приисковое;49
1554;Атажукино;49
1658;Курово, Дмитровский г/о;49
2324;Манушкино, Колтушское сельское поселение;49
880;Абрау-Дюрсо;49
512;Луховицы;49
491;Пыть-Ях;49
1831;Джульджаг;49
1312;Андреевское, Москва;49
459;Кстово, Кстовский район;49
1080;Голубицкая;49
2178;Анкудиновка, Кстовский район;49
1483;Онгудай;49
18;Саратов;49
154;Сертолово;49
1856;Лемешово, г Подольск;49
875;Азнакаево;49
34;Нягань;49
1200;Стародеревянковская;49
469;Михайловск, Шпаковский район;49
1041;Посёлок имени Свердлова, Всеволожский район;49
291;Горняк, Локтевский район;49
645;Котово, Волгоградская область;49
2023;Паттайя;120
2067;Новопокровское, Крымский район;49
1712;Покровское, Артемовский район;49
522;Ханты-Мансийск;49
507;Ливны;49
995;Волосово;49
2095;Ивот;49
1635;Верхневилюйск;49
2166;Яркое Поле, Кировский район;49
899;Сергач;49
1141;Городище (рабочий поселок), Городищенский район;49
539;Амурск;49
993;Далматово;49
436;Суксун;49
163;Усинск;49
171;Йошкар-Ола;49
727;Куровское;49
148;дачный посёлок Лесной Городок;49
1067;Партизанск, Приморский край;49
78;Аргаяш;49
1153;Сосново, Приозерский район;49
1008;Ряжск;49
1765;Завьялово, Удмуртия;49
1726;Касумкент;49
1039;Новоаннинский;49
2041;Татыш;49
173;Иваново;49
2286;Растуново, городской округ Домодедово;49
1214;Октябрьское, Пригородный район;49
563;Белоярский, ХМАО;49
1935;Вараксино, Конаковский район;49
855;Решетиха;49
1783;Ягодное, Ставропольский район;49
511;Павловский Посад;49
1862;Нагать, Смоленский район;49
243;Наро-Фоминск;49
293;Минусинск;49
2034;Сынково, Подольский район;49
2294;Озерки, гор. окр. Гвардейский;49
2239;Серафимович;49
633;Кинель;49
1723;Глебовский;49
711;Смолевичи;99
333;Тында;49
438;Кармаскалы, Кармаскалинский район;49
53;Тайшет;49
735;Жаворонки, Одинцовский район;49
2185;Новое Поле (деревня), Минский район;99
169;Санкт-Петербург;49
1988;Константиновская, Курганинский район;49
1475;Пашино, Новосибирская область;49
1572;Холмская;49
800;Менделеево, Солнечногорский р-он;49
597;Краснокамск;49
1392;Ковылкино;49
1955;Мисайлово, Ленинский г/о;49
668;Фурманов;49
1061;Забайкальск;49
1666;Осташево, Волоколамский район;49
1960;Усть-Кокса;49
1586;Федоровское, Тосненский район;49
794;Исаклы, Исаклинский р-он;49
1389;Никольское, Тосненский район;49
150;Дальнегорск;49
661;Кабардинка;49
354;Березовский, Берёзовский г/о;49
1448;Красногорский, Звениговский район;49
1491;Петровск-Забайкальский ;49
499;Смоленск, городской округ Смоленск;49
883;Понтонный;49
2278;Авилов;49
1245;Усть-Донецкий;49
763;Анапская;49
27;Данилов;49
1139;Оха;49
222;Карасук;49
912;Онохой;49
1310;Ильинское, Томаринский го;49
30;Кушва;49
326;Ступино;49
306;Альметьевск;49
4;Артем;49
2124;Яковлевское, п. Новофедоровское;49
1397;Черниговка, Приморский край;49
1353;Анива;49
779;Зерноград;49
674;Балтийск;49
13;Элиста;49
1538;Судак;49
1543;Косыревка;49
1552;Хор, Имени Лазо;49
2201;Андреевское, городской округ Истра;49
1323;Нячанг;242
119;Оса , Осинский г/о;49
1639;Дагестанские Огни;49
2272;Октябрьский, Завьяловский район;49
1760;Горячеводский;49
1370;Николина Гора, Одинцовский городской округ;49
1123;Мещерино, Ленинский гор.округ;49
1751;Малышево, Раменский район;49
1546;Оленино, Оленинский район;49
2093;Бесскорбная;49
1076;Воргашор;49
2271;Меньшой Колодезь;49
524;Иглино;49
554;Парголово;49
370;Ребриха;49
386;Безенчук;49
1812;Юрюзань;49
1776;Нинбо;84
1201;Хадыженск;49
2047;Пермяки, Высокогорский район;49
2015;Катар-Юрт, Ачхой-Мартановский район;49
1468;Марьина Горка, Минская обл.;99
2256;Дядин;49
957;Туринск;49
1556;Облучье;49
823;Ликино-Дулево;49
2252;Озерный, Бологовский район;49
1375;ВНИИССОК;49
773;Снежногорск;49
770;Тярлево;49
979;Ямное, Рамонский район;49
2092;Украинский, Динской район;49
468;Азов;49
804;Губкин;49
904;Шексна;49
2229;Восточное, Алтайский район;224
2151;Новое Павлино;49
175;Октябрьский, гор. окр. Люберцы;49
874;Солнечнодольск;49
1227;Арсеньев;49
718;Лихославль;49
1846;Заречный, Вагайский район;49
1167;Селижарово;49
428;Митино;49
2160;Николаевка Симферопольский район;49
2306;Лужайка;49
128;Прокопьевск;49
1376;Таганьково;49
681;Ульяновка, Тосненский район;49
1512;Тульский, Майкопский район;49
1897;Кузнечное;49
737;Усть-Катав;49
146;Мценск;49
83;Сходня;49
676;Таштагол;49
1079;Шарья, Шарьинский район;49
831;Сенной;49
1755;Михайлов;49
1228;Знаменск, Астраханская область;49
1378;Ропша;49
669;Чапаевск;49
424;Краснодар;49
2311;Вороновка, Лаишевский район;49
695;посёлок Балезино, Балезинский район;49
2076;Марфино, Володарский район;49
846;Устюжна;49
851;Парабель;49
2314;село Усады, Высокогорский р-н;49
1198;Джубга;49
2134;Пущино;49
1096;Десногорск;49
802;Александров, Владимирская область;49
2309;Ударник, городской округ Орск;49
1787;Красный Яр, Астраханская область;49
1767;Ишеевка;49
1867;Мудрень, Оричевский район;49
1261;Томари;49
535;Абакан;49
2212;Новоцарицынский;49
2;Туапсе;49
1902;Красная Башкирия;49
1510;НИИ Радио;49
368;Мариинск, Кемеровская область;49
1009;Скопин;49
1011;Петровск;49
1075;Сегежа;49
840;Сухиничи;49
1447;Многовершинный;49
267;Вятские Поляны;49
1190;Тутаев;49
911;Судогда;49
425;Махачкала;49
473;Песочный, Курортный район;49
1645;Ладожская;49
1913;Манаскент;49
308;Геленджик;49
1581;Кротовка, Кинель-Черкасский район;49
1682;Витебск;99
685;Новоорск;49
106;Гольёво;49
2069;Друскининкай;146
1729;Боровиха;49
2296;Славянка (Шушары);49
390;Балаково;49
1313;Манчаж;49
2035;Краснокаменка, гор. округ Ялта;49
1021;Лунинец;99
228;Славгород, Алтайский край;49
1957;Русский Юрмаш;49
886;Курганинск;49
954;Северская;49
1024;Лесной, г/о Лесной;49
732;Крыловская;49
2163;Перелешино, Панинский район;49
506;Ростов-на-Дону;49
273;Стрежевой;49
376;Чашниково, Солнечногорский район;49
1606;Столбище, Лаишевский район;49
509;Южно-Сахалинск;49
214;Шадринск;49
1810;Хиславичи;49
1869;Лас-Вегас, округ Кларк;214
969;Мирный, Архангельская область;49
990;Ветлужский, г/о Шарья;49
1623;Пинск;99
1743;Бжедуховская;49
2012;Есаулово;49
100;Калач-на-Дону;49
2049;Любаново, Наро-Фоминский район;49
1446;Частая Дубрава;49
1173;Верхний Уфалей;49
43;Панкрушиха;49
764;Ильский, Северский район;49
1513;Инкерман;49
493;Нижневартовск;49
1103;Зубцов;49
186;Плесецк;49
1872;Шонсола, Звениговский район;49
1320;Жлобин;99
151;Бодайбо;49
2000;Соловьевск, Тындинский м/о;49
1857;Осенка, Коломенский район;49
1298;Юрлово, г.о Химки;49
1885;Чегем-Второй;49
882;Данков;49
1010;Ершов;49
2137;Москва (Международная сортировка);49
1044;Новомихайловский, Туапсинский район;49
2179;Терскол;49
543;Выкса;49
235;Железногорск-Илимский;49
1399;Константиновск;49
1926;Химки;49
1496;Варениковская;49
480;Химки Новые;49
813;Торжок, Торжокский район;49
1455;Цибанобалка;49
2250;Алексеевск;49
329;Электросталь;49
2343;Кобе;21
2287;Тагара;49
295;Дзержинск, городской округ Дзержинск;49
1672;Луценково, Алексеевский район;49
492;Клин;49
1922;Карамышево,  Щёкинский район;49
2046;Носово, городской округ Химки;49
383;Печора;49
2197;Амелино, Фроловский район;49
1221;Солонешное;49
94;Минеральные Воды;49
2301;Григорово, Новгородский район;49
1827;Гаспра;49
1774;Каскелен, Карасайский район;224
643;мкр Ожерелье;49
1514;Тамбовский, Гиагинский район;49
276;Березовка, Берёзовский м/о;49
381;Мончегорск;49
1564;Усть-Большерецк;49
144;Черкесск;49
1487;Аксай;224
1956;Малгобек;49
961;Михнево, г/о Ступино;49
2156;Яльгелево;49
62;Отрадный, Самарская область;49
1380;Саларьево;49
968;Козельск;49
240;Ломоносов;49
1821;Севастополь;49
1258;Хасанья;49
1020;Жодино, Минская обл.;99
403;Изобильный;49
1031;Новоалександровск;49
1092;Багаевская;49
265;Тербуны;49
2333;Негомож, городской округ Коломна;49
2288;Ленинское, Новосибирский район;49
1172;Раменское;49
1858;Гунда, Еравнинский район;49
1891;Новониколаевский, Новониколаевский район;49
2293;Комсомольский, Тимашёвский район;49
118;Октябрьский, Октябрьский район;49
1949;УРМЗ, Ухта;49
1148;Котельнич;49
1395;Старая Русса;49
1991;Суккулово, Дюртюлинский район;49
1343;Высокогорный;49
334;Валуйки, Валуйский район;49
393;Стрельна;49
1593;Старь;49
1676;Хохряки;49
1441;Гумрак, городской округ Волгоград;49
1467;Ипсуич;245
2245;Каменномостский, Майкопский район;49
966;Балабаново, Боровский район;49
1587;Красный Яр, Жирновский район;49
1655;Калга;49
1990;Воронежская, Усть-Лабинский район;49
1490;Зеленый, Богородский городской округ;49
1684;Нижнегорский, Республика Крым;49
1150;Нерехта, Костромская область;49
1338;Солнечный, Рамонский район;49
1848;Домново;49
1683;Лисаковск;224
360;Нефтеюганск;49
409;Магнитогорск, Магнитогорский г/о;49
1462;Зеленогорский, Крапивинский район;49
1978;Красный Поселок, Истринский район;49
2255;Чигири;49
589;Озёры, г/о Коломна;49
2210;Шапки, Тосненский район;49
1860;Дретунь;99
1832;Свободы;49
1603;Веселовка, Темрюкский район;49
2028;Веселое, Моздокский район;49
2336;Винницы, Подпорожский район;49
2261;Кукуштан;49
1778;Петропавловск;224
140;Кузнецк;49
868;Яр-Сале;49
887;Отрадная, Отрадненский район;49
544;Чистополь, Татарстан;49
1937;Бережок, Вохомский район;49
105;Ивантеевка;49
258;Кемерово;49
271;Ростов;49
2284;Аксай, Хасавюртовский район;49
1229;Началово;49
655;Баево, Алтайский край;49
325;Пикалево;49
2086;Адагум;49
1437;Райчихинск;49
307;Елабуга;49
888;Павловская, Павловский район;49
1521;Уразово, Валуйский район;49
1694;Терезе;49
497;Реутов;49
1019;Ереван;188
1595;Вторые Тербуны;49
455;Шебекино;49
2310;Арда, Килемарский район;49
2241;Богородское, Сергиево-Посадский район;49
616;Дудинка;49
2141;Борискино, Альметьевский район;49
1970;Одинцовский;49
1231;Петров Вал;49
1369;Чесноково, городской округ Истра;49
782;Касимов;49
124;Павлоградка;49
663;Куркино, Куркинский район;49
2347;Бенсалем;214
1143;мкр Юрьевец, Владимир;49
2091;Бриньковская;49
2329;Рождествено, городской округ Истра;49
1440;Дружелюбный;49
485;Ахтубинск;49
1900;Овсище;49
2082;Великовисочное;49
2177;Согратль, Гунибский район;49
1981;Пальяново;49
311;Дзержинский, Московская область;49
1504;Турочак;49
489;Тихорецк;49
1259;Ставрово, Собинский район;49
1569;Пойковский;49
836;Почеп;49
1403;Зоринский;49
310;Нальчик;49
1339;Новоаганск, Нижневартовский район;49
1157;Лямбирь;49
417;Белгород;49
1289;Щебетовка;49
2022;Белиджи;49
357;Заречный, Свердловская обл.;49
820;Оконешниково;49
297;Елизово;49
1808;Румянцево, поселение Московский;49
1196;Красный Сулин;49
389;Ейск;49
415;Хабаровск;49
917;Чегем;49
2269;Нехаевская;49
1234;Маккавеево;49
352;Полевской;49
530;Болотное;49
978;Лучегорск;49
2083;Несь;49
818;Конаково, Конаковский район;49
653;Маркс;49
1982;Никольское Алеутский м/о;49
916;Нарткала;49
2349;Камлак;49
626;Волхов, Волховский район;49
1864;Киляковка, Среднеахтубинский район;49
1297;Трудовая, гор. округ Мытищи;49
573;Тамбов;49
1489;Урвань;49
1098;Кольцово;49
1715;Хутор Ленина, мо Краснодар;49
345;Ясногорск, Тульская область;49
939;Знаменское, Надтеречный район;49
587;Шатура;49
385;Октябрьск;49
892;Нижние Серги;49
1873;Новоселки, гор. округ Подольск;49
1253;Михайловск, Нижнесергинский район;49
454;Нарьян-Мар;49
2186;Пересветово, Дмитровский городской округ;49
1716;Лоза, Сергиево-Посадский район;49
1452;Романовка, Шкотовский район;49
56;Покров;49
1589;Горки-2, Одинцовский район;49
2126;Шабурново, Сергиево-Посадский городской округ;49
1804;Дубровки, городской округ Химки;49
1936;Плодовый;49
1508;Раздольное, Раздольненский район;49
1081;Казанская, Кавказский район;49
1152;Сиверский;49
1870;Новинки, городской округ Нижний Новгород;49
1946;Рязановское, Москва;49
814;Павловск, Пушкинский район;49
955;Старомышастовская;49
1671;Засечное, Пензенский район;49
1770;Волковыск, Волковысский район;99
1184;Ирбит;49
570;Новосибирск;49
637;Мужи;49
1326;Талдыкорган;224
1030;Левокумское;49
1119;Рузаевка, Республика Мордовия;49
102;Иркутск;49
945;Рамонь, Воронежская область;49
1014;Ачхой-Мартан;49
1651;Власиха, городской округ Власиха;49
1733;Лесколово;49
1405;Каа-Хем;49
1419;Батуми;17
46;Уяр;49
2148;мкр Лиховской;49
1736;Графский;49
1983;Орел, Лаишевский район;49
1223;Бутурлиновка;49
1377;Косулино, Белоярский г/о;49
2094;Дмитровское, гор. округ Красногорск;49
2145;Мирской, Кавказский район;49
1043;Новокубанск;49
321;Белореченск;49
1097;Новопавловск;49
1780;Помпано Бич;214
1235;Баксан;49
2098;Горшково, Дмитровский район;49
546;Миллерово, Миллеровский район;49
1135;Сасово, Рязанская область;49
1695;Бикин;49
